claim_id,claim_text,evidential_status,source_id,locator,quantity_type,value,units,construct,system,transferable,notes
C001,Capture-SELEX isolate 1d04 binds glutamate with Kd 12 µM in the indexed abstract.,primary-source-supported,S001,PubMed abstract,Kd_molecular,12,µM,1d04 (not glu1),Capture-SELEX / complex medium,no,VoR closed. Do not transfer onto glu1 or Hu Glu-apt.
C002,Truncated surface-bound glu1 E-AB reports LOD 0.0013 pM by ACV in the indexed abstract.,primary-source-supported,S001,PubMed abstract,sensor_LOD,0.0013,pM,glu1 Fc-thiol-MCH,gold E-AB,no,Different construct from 1d04. Matrix of LOD vs serum selectivity not separable from abstract.
C003,Kd and LOD in Wu 2022 are not interchangeable affinity numbers.,hypothesis,S001,abstract construct split,,,,1d04 vs glu1,glutamate aptasensor paper,no,Load-bearing interpretation. Confirmed as construct split by citation auditor.
C004,Hu 2025 glutamate MEA channel LOD is 32 pM in PBS and 51.5 pM in 50% serum.,primary-source-supported,S002,Fig. 4h; section 3.4,sensor_LOD,32 (PBS); 51.5 (50% serum),pM,Glu-apt on AuED-MEA,ACV multiplex MEA,no,Double-extracted from OA PDF. Not Wu 0.0013 pM.
C005,"Hu 2025 glutamate electrochemical apparent Kd is 1.8 nM (Langmuir-Freundlich), distinct from cited 12 µM solution value.",primary-source-supported,S002,section 3.2,EC50,1.8,nM,surface Glu-apt,PBS ACV,no,Authors note 2D confinement. Not solution Kd.
C006,Hu 2025 glutamate assay uses 15 min incubation before ACV.,primary-source-supported,S002,section 3.2,measurement_time,15,min,Glu-apt,MEA ACV,no,Cannot support millisecond neurotransmission.
C007,No glutamate aptamer kon/koff were found in inspected glutamate sensor papers.,unresolved,S001,Round 2 search of glutamate sensor sources,kon,,,glutamate DNA aptamers,E-AB / SPR / ITC,no,"Absence of evidence across S001/S002/S010/S021. Tobramycin IPA and mixed-aptamer ITC must not be substituted. source_id S001 is the primary glutamate aptamer paper searched, not a kon measurement."
C008,"Surface-bound tobramycin aptamer IPA: kon 3.5e4 M^-1 s^-1, koff 1.39 s^-1, Kd,kinetic 41±11 µM.",primary-source-supported,S004,Fig. 3 PMC13101946,kon,3.5e4,M^-1 s^-1,tobramycin parent aptamer,E-AB IPA tris buffer,no,Not glutamate. Shows IPA can measure surface kon/koff when mass transport is controlled.
C009,IPA interrogation can be 2 ms; that clock is measurement_time not binding koff.,primary-source-supported,S004,Methods,measurement_time,2,ms,tobramycin E-AB,IPA,no,Do not equate 2 ms interrogation with synaptic 1.2 ms cleft clearance.
C010,Small-molecule aptamer ITC survey: both kon and koff change with Kd (kon 2e5 to 96 M^-1 s^-1; koff 1.03e-3 to 0.012 s^-1 over Kd 28 nM to 864 µM).,primary-source-supported,S003,Europe PMC abstract,kon,2e5 to 96,M^-1 s^-1,various DNA aptamers,solution ITC,no,Abstract only; VoR closed. Not glutamate. Per-construct tables not inspected.
C011,Inferred peak cleft glutamate 1.1 mM decaying with tau 1.2 ms at cultured hippocampal synapses.,primary-source-supported,S049,PubMed abstract,biological_concentration_range,1.1,mM,not aptamer,cultured hippocampal synapses,unknown,Kinetic inference not chemical assay. VoR closed.
C012,Ambient extracellular glutamate in hippocampal slice is about 25 nM by tonic NMDAR current.,primary-source-supported,S050,abstract; discussion,biological_concentration_range,25,nM,not aptamer,acute hippocampal slice,no,Auditor: not an extrasynaptic-only measurement. Contrasts cited dialysis 1-4 µM.
C013,"A 1:1 Langmuir isotherm spans 81-fold between 10% and 90% occupancy (c10 = Kd/9, c90 = 9 Kd), independent of Kd.",review-supported,S030,Rousseau 2023 PMC10750225,analytical_working_range,81,fold (10-90% occupancy),generic E-AB Langmuir,perspective,unknown,"Theoretical Langmuir 10–90% identity as stated by Rousseau. The withdrawn overlay that one Kd cannot cover 25 nM tonic and 1.1 mM cleft is not this claim; those concentrations are C012/C011, not measured in Rousseau, and are not transferred here."
C014,Xiao 2025 glutamate SPR Kd is 293 nM while FET practical LOD is 10 fM in 0.1x PBS.,primary-source-supported,S021,Fig. 3; SPR paragraph,Kd_molecular,293,nM,glutamate aptamer (SI sequence),SPR vs CNT FET,no,Buffer is 0.1x PBS. Response stabilize 200 s. Not in vivo.
C015,DNA tetrahedron display of Apt48 increased N-protein fiber signal 2-2.5 fold and halved apparent fiber Kd vs Apt48 alone.,primary-source-supported,S006,Fig. 4,signal_gain,2 to 2.5,fold,DNT-Apt48 vs Apt48,TFBG-SPR N-protein,no,Interface evidence. Not glutamate.
C016,"InstructNA generated some stronger SPR binders than top-frequency HT-SELEX clones for LOX1/CXCL5, but most generated sequences were not strong binders.",primary-source-supported,S007,Fig. 2,Kd_molecular,12.9 (best G1L),nM,InstructNA G1L,SPR protein targets,no,Hypothesis-generating for glutamate. Not a glutamate aptamer.
C017,Predicted aptamer structures and docking scores failed to recover experimental theophylline vs caffeine selectivity.,computational illustration,S046,full text,,,,theophylline DNA aptamer models,docking benchmark,no,Primary computational benchmark vs crystals; experimental selectivity is cited not remeasured.
C018,E-AB packing density and SAM chemistry change signal gain and apparent Kd (cocaine/thrombin).,primary-source-supported,S033,"Figs. 3-4, 7",signal_gain,60 to 200,%,cocaine E-AB,ACV 1x SSC,no,Not glutamate. Immobilization is not a null operation.
C019,"Park 2023 table row labeled Glutamate FET is Plasmodium falciparum GDH (Singh 2019 PMID 30308419), not neurotransmitter glutamate.",primary-source-supported,S023,Table 1 vs ref 59,,,,review table error,Biosensors 2023 review,no,Citation auditor: supports_claim=no for using Park as Glu NT sensor evidence.
C020,No verified in vivo glutamate aptamer sensor among Round 1-2 sources; in vivo aptamer FETs demonstrated for serotonin and dopamine.,unresolved,S018,Zhao 2021; Wu Nano Lett 2022,,,,serotonin/dopamine FETs,in vivo,no,"Scope limit not a measured glutamate negative result. S066 is in vitro mouse retina, not in vivo. Serotonin/dopamine FETs remain the in vivo aptamer examples in this ledger."
C021,"Hu 2025 lists Glu-apt Kd = 12 µM citing Wu 2022; that value is a citation, not a Hu remeasurement of the Fc-thiol truncated surface construct.",primary-source-supported,S002,Experimental section sequences,Kd_molecular,12,µM,"Glu-apt sequence as used by Hu, Kd label from Wu citation",AuED-MEA methods,no,Do not collapse this 12 µM with Hu electrochemical apparent Kd 1.8 nM.
C022,Rutherford 2007 cites GlutOx MEA coating response time 500-800 ms (Burmeister 2000/2002) and states freely moving data were recorded at 1 s intervals.,primary-source-supported,S054,PMC3482110 HTML,measurement_time,1,s,not aptamer; glutamate oxidase,freely moving rat CNS,no,Enzyme comparator. Cited coating response_time is 500-800 ms (Burmeister VoR not re-opened in the enzyme audit). Do not treat 500-800 ms as this paper's wet t90 versus 1.2 ms. Still not synaptic milliseconds.
C023,Clay 2018 reports a simulated GlutOx response time of 0.73 s matching experimental 0.8 ± 0.2 s.,primary-source-supported,S055,PMC5881573 HTML model paragraph,response_time,0.73,s,not aptamer,enzyme-electrode model,no,Simulation plus cited experiment. The experimental match 0.8 ± 0.2 s is Clay's citation (Wassum VoR unopened in the enzyme audit). Not synaptic milliseconds. Round-2 hunter had incorrectly said 0.73-0.8 s was absent.
C024,"Published iGluSnFR fluorescence time courses are often characterized as 10-100 times longer than the extracellular lifetime of synaptically released glutamate.",review-supported,S062,Europe PMC full text XML PMC7255799,response_time,10–100,fold,not aptamer; iGluSnFR,literature comparison inside a primary paper,no,Authors characterize previously published time courses against an uptake-derived estimate. Not a new wet measurement in this paper. Buffering mechanism is C035.
C035,"iGluSnFR buffering of glutamate diffusion and delayed uptake is established by Monte Carlo simulation (Figure 2C,D).",computational illustration,S062,"PMC7255799 Figure 2C,D",response_time,,,not aptamer; iGluSnFR,Monte Carlo simulation,no,Split from C024. Simulation labeled as simulation. Not an aptamer kinetic. E039 already flags simulations as in paper.
C025,Abrantes 2025 preprint abstract claims 1 aM glutamate LOD in aCSF on a graphene FET with computationally designed NG-Apt-Glu.,primary-source-supported,S010,bioRxiv abstract,sensor_LOD,1,aM,NG-Apt-Glu,graphene FET; aCSF,no,Preprint. In silico design. Do not enter unverified ELONA millimolar Kd. Not a substitute for kon/koff.
C026,Hu 2025 Glu-apt sequence is a truncated Fc- and thiol-modified oligo; authors themselves contrast electrochemical apparent Kd with cited solution-phase values because of 2D confinement.,primary-source-supported,S002,section 3.2,,,,surface Glu-apt vs cited solution Kd,PBS ACV,no,Supports construct/interface non-transfer. The confinement explanation is the authors' interpretation.
C027,"For 1:1 Langmuir occupancy, the concentration ratio between 10% and 90% occupancy is exactly 81, independent of Kd (c10=Kd/9, c90=9 Kd).",computational illustration,S030,algebra; Rousseau 2023 states the same identity,analytical_working_range,81,fold (10-90% occupancy),1:1 Langmuir site,derived occupancy identity,yes,Rousseau is not sole evidence. Implemented and tested in analysis/accepted/occupancy_kinetics.
C028,Hu 2025 RWTH thesis: 10 nM glutamate signal on the Glu-apt intraretinal probe plateaus at approximately 10 min.,primary-source-supported,S066,Fig. 6.6; section 6.2,measurement_time,10,min,Glu-apt on PaC intraretinal probe,probe calibration,no,Not a fitted koff. Distinct from the journal MEA 15 min Glu wait (C006).
C029,Hu 2025 thesis probe glutamate LOD is 0.3 pM on the 1 nM-1 mM PBS calibration.,primary-source-supported,S066,Fig. 6.7; section 6.2,sensor_LOD,0.3,pM,Glu-apt on PaC probe,PBS calibration,no,Not Ames. Not in vivo. Different format from journal MEA 32 pM (C004).
C030,Hu 2025 thesis Ames-medium glutamate calibration is linear from 10 nM to 10 µM and the authors report poor quantitative SNR versus PBS.,primary-source-supported,S066,Fig. 6.9A; section 6.2,analytical_working_range,10 nM–10 µM,span,Glu-apt on PaC probe,Ames medium,no,"Buffer composition changes performance. Mixed nM/µM span stored in value. E044: authors report 41.6% blank noise in Ames. Printed log-slopes are now E047 (PBS 11.86 %/decade, Fig. 6.7B) and E048 (Ames 57.11 %/decade, Fig. 6.9A). Those two buffer curves do not invert tissue ACV to concentration or occupancy."
C031,"Hu 2025 thesis records ACV in in vitro mouse retina at 14 s/scan then 1 min sampling; the authors interpret this as basal glutamate, not synaptic transients.",primary-source-supported,S066,section 6.3,measurement_time,1,min,Glu-apt on PaC probe in retina,in vitro mouse retina,no,"Strongest Glu-apt neural-tissue experiment in this ledger. Not in vivo. Does not fill C007. Author basal reading is interpretation, not a pharmacological identification. Probe 3 showed an early plateau but reported gold-nanostructure detachment confounds its interpretation; PaC occupancy is unmeasured. Probe 4 unstable. Value is the 1 min sampling interval; 14 s is the scan clock (E045)."
C032,"Hu 2025 thesis selectivity panel compares 100 nM glutamate with 10 µM serotonin, dopamine, tyrosine, and lactate; aspartate and glutamine are not in that panel.",primary-source-supported,S066,Fig. 6.8A,signal_gain,,,Glu-apt on PaC probe,probe calibration,no,Does not license amino-acid cleft selectivity. Empty value is intentional (no ratio reported).
C033,"Hu 2025 thesis records ACV (signal_gain) on a Glu-aptamer PaC probe in in vitro mouse retina in two legs: post-insertion baseline rise under initial light-on, and later light-on/off correlation (Probes 1-2 authors p < 0.05; Probes 3-4 ns). Authors interpret the current as basal glutamate, not synaptic transients.",primary-source-supported,S066,section 6.3; Fig. 6.13,signal_gain,,,Glu-apt on PaC probe,in vitro mouse retina,no,"E046. Two MEASURED ACV legs; analyte identity UNKNOWN on both. The section 6.3 successful-detection sentence is author interpretation, not a second assay. Probe 3 showed an early plateau but reported gold-nanostructure detachment confounds its interpretation; PaC occupancy is unmeasured. Probe 4 unstable. Not a pharmacological identification. Not in vivo. Empty value is intentional."
C034,Hu 2025 thesis places the glutamate ACV recording on the large bottom electrode at the GCL of in vitro mouse retina on the same probe as spike recordings.,primary-source-supported,S066,section 6.3,measurement_time,14,s,Glu-apt on PaC probe,in vitro mouse retina GCL,no,E045. Does not by itself resolve IPL-border versus photoreceptor-terminal narrative. Value is the 14 s scan clock already in E045.
